<assembly>
    <id>ourAssembly</id>
    <formats>
        <format>jar</format>
    </formats>
    <dependencySets>
        <dependencySet>
            <excludes>
<!--                <exclude>commons-logging:commons-logging</exclude>-->
<!--                <exclude>log4j:log4j</exclude>-->
            </excludes>
        </dependencySet>
    </dependencySets>
    <fileSets>
        <fileSet>
            <directory>${basedir}</directory>
            <includes>
                <include>*.txt</include>
            </includes>
            <excludes>
                <exclude>AWESOME.txt</exclude>
                <exclude>LICENSE.txt</exclude>
            </excludes>
        </fileSet>
    </fileSets>
    <files>
        <file>
            <source>AWESOME.txt</source>
            <outputDirectory>/MyFiles</outputDirectory>
            <filtered>true</filtered>
        </file>
        <file>
            <source>LICENSE.txt</source>
            <outputDirectory>/License</outputDirectory>
            <filtered>true</filtered>
        </file>
    </files>
</assembly>
